{
  "timestamp": "2026-04-12T18:47:02.920Z",
  "node": "v22.17.1",
  "platform": "win32-x64",
  "dataset": {
    "buckets": 10,
    "threads": 50,
    "memos": 1000
  },
  "results": [
    {
      "label": "search_memos (hybrid: FTS5 + vec + RRF)",
      "iterations": 10000,
      "wallSeconds": 111.4627553,
      "avg": 11.142283939999997,
      "p50": 10.8538,
      "p95": 15.0601,
      "p99": 19.6259,
      "max": 37.3412
    },
    {
      "label": "search_bucket (hybrid: FTS5 + vec + RRF)",
      "iterations": 2000,
      "wallSeconds": 10.6986839,
      "avg": 5.346480449999998,
      "p50": 5.2904,
      "p95": 7.0317,
      "p99": 8.5693,
      "max": 17.8233
    },
    {
      "label": "search_thread (hybrid: FTS5 + vec + RRF)",
      "iterations": 2000,
      "wallSeconds": 28.1641254,
      "avg": 14.077914199999986,
      "p50": 14.0273,
      "p95": 17.9551,
      "p99": 24.1212,
      "max": 41.6961
    }
  ]
}